{
  "exact_accuracy": 0.4,
  "nmr": 0.4,
  "version_micro_precision": 0.5916955017301038,
  "version_micro_recall": 0.9047619047619048,
  "version_micro_f1": 0.7154811715481173,
  "true_positive_versions": 342,
  "false_positive_versions": 236,
  "false_negative_versions": 36
}
