match_kind,tag_count,predicted_positive_count,tp,fp,fn,tn,precision,recall,f1
exact,1177,809,524,285,233,135,0.6477132262051916,0.6922060766182299,0.669220945083014
function_structural,226,0,0,0,2,224,0.0,0.0,0.0
no_match,1688,0,0,0,591,1097,0.0,0.0,0.0
normalized,424,29,0,29,0,395,0.0,0.0,0.0
unavailable,3679,0,0,0,563,3116,0.0,0.0,0.0
weak_fingerprint,672,0,0,0,86,586,0.0,0.0,0.0
