{
  "exact_accuracy": 0.16666666666666666,
  "nmr": 0.26666666666666666,
  "version_micro_precision": 0.6252983293556086,
  "version_micro_recall": 0.2597917699553793,
  "version_micro_f1": 0.3670753064798599,
  "true_positive_versions": 524,
  "false_positive_versions": 314,
  "false_negative_versions": 1493
}
