{
  "scope": "deterministic_postprocess_no_model_call",
  "cases_total": 30,
  "accepted_candidate_pool_cases": 21,
  "blocked_cases": 9,
  "root_cause_blocked_count": 3,
  "szz_handoff_blocked_count": 6,
  "all_cases_metrics": {
    "denominator": 30,
    "release_top1": {
      "precision": 0.9003703703703704,
      "recall": 0.859575397942271,
      "f1": 0.8535963901875838
    },
    "release_topk": {
      "precision": 0.5473885880194589,
      "recall": 0.6083513931888545,
      "f1": 0.5374215912957705
    },
    "release_oracle": {
      "precision": 0.9158139657909258,
      "recall": 0.8812737057453134,
      "f1": 0.8771331764250903
    },
    "diagnostic_all_top1": {
      "precision": 0.6816390445664978,
      "recall": 0.859575397942271,
      "f1": 0.6662931944506273
    },
    "diagnostic_all_oracle": {
      "precision": 0.6877453015152891,
      "recall": 0.8812737057453134,
      "f1": 0.6826969637721865
    }
  },
  "accepted_only_metrics": {
    "denominator": 21,
    "release_top1": {
      "precision": 0.8576719576719576,
      "recall": 0.7993934256318157,
      "f1": 0.7908519859822625,
      "exact_match_count": 10,
      "denominator": 21
    },
    "release_topk": {
      "precision": 0.7819836971706555,
      "recall": 0.8690734188412206,
      "f1": 0.7677451304225291,
      "exact_match_count": 9,
      "denominator": 21
    },
    "release_oracle": {
      "precision": 0.8797342368441796,
      "recall": 0.8303910082075904,
      "f1": 0.8244759663215575,
      "exact_match_count": 10,
      "denominator": 21
    },
    "diagnostic_all_top1": {
      "precision": 0.5451986350949969,
      "recall": 0.7993934256318157,
      "f1": 0.5232759920723248,
      "exact_match_count": 4,
      "denominator": 21
    },
    "diagnostic_all_oracle": {
      "precision": 0.5539218593075559,
      "recall": 0.8303910082075904,
      "f1": 0.5467099482459807,
      "exact_match_count": 4,
      "denominator": 21
    }
  },
  "blocked_denominator_impact": {
    "all_case_denominator": 30,
    "accepted_only_denominator": 21,
    "excluded_from_accepted_only": 9,
    "excluded_cves": [
      "CVE-2020-12284",
      "CVE-2020-13904",
      "CVE-2020-14212",
      "CVE-2020-19667",
      "CVE-2020-8169",
      "CVE-2022-0433",
      "CVE-2020-27814",
      "CVE-2020-1971",
      "CVE-2020-15466"
    ]
  },
  "error_attribution_counts": {
    "anchor_or_blame_likely_problem": 10,
    "candidate_pool_has_signal": 0,
    "conversion_likely_problem": 0,
    "dataset_or_tag_mapping_problem": 0,
    "non_release_tag_noise": 7,
    "release_line_overreach": 5,
    "requires_manual_review": 8,
    "root_cause_blocked": 3,
    "szz_handoff_blocked": 6
  },
  "blocked_stage_attribution": [
    {
      "cve_id": "CVE-2020-12284",
      "stage": "szz_handoff_blocked",
      "repo": "FFmpeg",
      "candidate_commit_count": 0,
      "probe_error_bucket": "anchor_or_blame_likely_problem",
      "blame_status": "not_evaluable"
    },
    {
      "cve_id": "CVE-2020-13904",
      "stage": "root_cause_blocked",
      "repo": "FFmpeg",
      "candidate_commit_count": 0,
      "probe_error_bucket": "anchor_or_blame_likely_problem",
      "blame_status": "not_evaluable"
    },
    {
      "cve_id": "CVE-2020-14212",
      "stage": "szz_handoff_blocked",
      "repo": "FFmpeg",
      "candidate_commit_count": 0,
      "probe_error_bucket": "anchor_or_blame_likely_problem",
      "blame_status": "not_evaluable"
    },
    {
      "cve_id": "CVE-2020-10251",
      "stage": "accepted_candidate_pool",
      "repo": "ImageMagick",
      "candidate_commit_count": 2,
      "probe_error_bucket": "release_line_overreach",
      "blame_status": "success"
    },
    {
      "cve_id": "CVE-2020-19667",
      "stage": "root_cause_blocked",
      "repo": "ImageMagick",
      "candidate_commit_count": 0,
      "probe_error_bucket": "anchor_or_blame_likely_problem",
      "blame_status": "not_evaluable"
    },
    {
      "cve_id": "CVE-2020-25663",
      "stage": "accepted_candidate_pool",
      "repo": "ImageMagick",
      "candidate_commit_count": 2,
      "probe_error_bucket": "requires_manual_review",
      "blame_status": "success"
    },
    {
      "cve_id": "CVE-2020-8169",
      "stage": "szz_handoff_blocked",
      "repo": "curl",
      "candidate_commit_count": 0,
      "probe_error_bucket": "anchor_or_blame_likely_problem",
      "blame_status": "not_evaluable"
    },
    {
      "cve_id": "CVE-2020-8177",
      "stage": "accepted_candidate_pool",
      "repo": "curl",
      "candidate_commit_count": 3,
      "probe_error_bucket": "requires_manual_review",
      "blame_status": "success"
    },
    {
      "cve_id": "CVE-2020-8231",
      "stage": "accepted_candidate_pool",
      "repo": "curl",
      "candidate_commit_count": 2,
      "probe_error_bucket": "requires_manual_review",
      "blame_status": "success"
    },
    {
      "cve_id": "CVE-2020-11984",
      "stage": "accepted_candidate_pool",
      "repo": "httpd",
      "candidate_commit_count": 3,
      "probe_error_bucket": "requires_manual_review",
      "blame_status": "success"
    },
    {
      "cve_id": "CVE-2020-11985",
      "stage": "accepted_candidate_pool",
      "repo": "httpd",
      "candidate_commit_count": 1,
      "probe_error_bucket": "requires_manual_review",
      "blame_status": "success"
    },
    {
      "cve_id": "CVE-2020-11993",
      "stage": "accepted_candidate_pool",
      "repo": "httpd",
      "candidate_commit_count": 1,
      "probe_error_bucket": "anchor_or_blame_likely_problem",
      "blame_status": "success"
    },
    {
      "cve_id": "CVE-2022-0171",
      "stage": "accepted_candidate_pool",
      "repo": "linux",
      "candidate_commit_count": 2,
      "probe_error_bucket": "non_release_tag_noise",
      "blame_status": "success"
    },
    {
      "cve_id": "CVE-2022-0185",
      "stage": "accepted_candidate_pool",
      "repo": "linux",
      "candidate_commit_count": 1,
      "probe_error_bucket": "non_release_tag_noise",
      "blame_status": "success"
    },
    {
      "cve_id": "CVE-2022-0264",
      "stage": "accepted_candidate_pool",
      "repo": "linux",
      "candidate_commit_count": 1,
      "probe_error_bucket": "non_release_tag_noise",
      "blame_status": "success"
    },
    {
      "cve_id": "CVE-2022-0286",
      "stage": "accepted_candidate_pool",
      "repo": "linux",
      "candidate_commit_count": 2,
      "probe_error_bucket": "non_release_tag_noise",
      "blame_status": "success"
    },
    {
      "cve_id": "CVE-2022-0322",
      "stage": "accepted_candidate_pool",
      "repo": "linux",
      "candidate_commit_count": 1,
      "probe_error_bucket": "non_release_tag_noise",
      "blame_status": "success"
    },
    {
      "cve_id": "CVE-2022-0433",
      "stage": "szz_handoff_blocked",
      "repo": "linux",
      "candidate_commit_count": 0,
      "probe_error_bucket": "anchor_or_blame_likely_problem",
      "blame_status": "not_evaluable"
    },
    {
      "cve_id": "CVE-2020-15389",
      "stage": "accepted_candidate_pool",
      "repo": "openjpeg",
      "candidate_commit_count": 3,
      "probe_error_bucket": "non_release_tag_noise",
      "blame_status": "success"
    },
    {
      "cve_id": "CVE-2020-27814",
      "stage": "root_cause_blocked",
      "repo": "openjpeg",
      "candidate_commit_count": 0,
      "probe_error_bucket": "anchor_or_blame_likely_problem",
      "blame_status": "not_evaluable"
    },
    {
      "cve_id": "CVE-2020-27823",
      "stage": "accepted_candidate_pool",
      "repo": "openjpeg",
      "candidate_commit_count": 1,
      "probe_error_bucket": "requires_manual_review",