{
  "cases_total": 30,
  "anchors_total": 46,
  "candidates_total": 37,
  "cases_with_candidate_commits": 21,
  "primary_universe": "release_tag_universe",
  "release_evaluation_universe_metrics": {
    "top1": {
      "precision": 0.9003703703703704,
      "recall": 0.859575397942271,
      "f1": 0.8535963901875838
    },
    "topk": {
      "precision": 0.5473885880194589,
      "recall": 0.6083513931888545,
      "f1": 0.5374215912957705
    },
    "oracle": {
      "precision": 0.9158139657909258,
      "recall": 0.8812737057453134,
      "f1": 0.8771331764250903
    },
    "top1_exact_match_count": 19,
    "topk_exact_match_count": 9,
    "oracle_exact_match_count": 19
  },
  "diagnostic_all_tags_metrics": {
    "top1": {
      "precision": 0.6816390445664978,
      "recall": 0.859575397942271,
      "f1": 0.6662931944506273
    },
    "oracle": {
      "precision": 0.6877453015152891,
      "recall": 0.8812737057453134,
      "f1": 0.6826969637721865
    },
    "top1_exact_match_count": 13,
    "oracle_exact_match_count": 13
  },
  "top1_macro_precision": 0.9003703703703704,
  "top1_macro_recall": 0.859575397942271,
  "top1_macro_f1": 0.8535963901875838,
  "topk_macro_precision": 0.5473885880194589,
  "topk_macro_recall": 0.6083513931888545,
  "topk_macro_f1": 0.5374215912957705,
  "oracle_macro_precision": 0.9158139657909258,
  "oracle_macro_recall": 0.8812737057453134,
  "oracle_macro_f1": 0.8771331764250903,
  "oracle_upper_bound_interpretation": "current_raw_candidate_pool_upper_bound_not_system_result_or_bic",
  "oracle_improvement_over_top1_f1": 0.023536786237506435,
  "top1_false_positive_tag_cases": [
    "CVE-2020-10251",
    "CVE-2020-11993",
    "CVE-2022-0171",
    "CVE-2022-0185",
    "CVE-2022-0264",
    "CVE-2022-0286",
    "CVE-2022-0322",
    "CVE-2020-15389",
    "CVE-2020-10702",
    "CVE-2020-11869",
    "CVE-2020-11947",
    "CVE-2020-11647",
    "CVE-2020-13164"
  ],
  "oracle_false_positive_tag_cases": [
    "CVE-2020-10251",
    "CVE-2020-11993",
    "CVE-2022-0171",
    "CVE-2022-0185",
    "CVE-2022-0264",
    "CVE-2022-0286",
    "CVE-2022-0322",
    "CVE-2020-15389",
    "CVE-2020-10702",
    "CVE-2020-11869",
    "CVE-2020-11947",
    "CVE-2020-11647",
    "CVE-2020-13164"
  ],
  "any_candidate_false_positive_tag_cases": [
    "CVE-2020-10251",
    "CVE-2020-25663",
    "CVE-2020-11984",
    "CVE-2020-11993",
    "CVE-2022-0171",
    "CVE-2022-0185",
    "CVE-2022-0264",
    "CVE-2022-0286",
    "CVE-2022-0322",
    "CVE-2020-15389",
    "CVE-2021-23840",
    "CVE-2020-10702",
    "CVE-2020-11869",
    "CVE-2020-11947",
    "CVE-2020-11647",
    "CVE-2020-13164"
  ],
  "any_candidate_non_release_tag_noise_cases": [
    "CVE-2020-11984",
    "CVE-2020-11993",
    "CVE-2022-0171",
    "CVE-2022-0185",
    "CVE-2022-0264",
    "CVE-2022-0286",
    "CVE-2022-0322",
    "CVE-2020-15389",
    "CVE-2021-23840",
    "CVE-2020-10702",
    "CVE-2020-11869",
    "CVE-2020-11947",
    "CVE-2020-11647",
    "CVE-2020-13164"
  ],
  "dominant_non_release_tag_noise_cases": [
    "CVE-2022-0171",
    "CVE-2022-0185",
    "CVE-2022-0264",
    "CVE-2022-0286",
    "CVE-2022-0322",
    "CVE-2020-15389",
    "CVE-2020-11947"
  ],
  "manual_anchor_review_required_cases": [
    "CVE-2020-10251",
    "CVE-2020-25663",
    "CVE-2020-8177",
    "CVE-2020-8231",
    "CVE-2020-11984",
    "CVE-2020-11985",
    "CVE-2020-11993",
    "CVE-2022-0171",
    "CVE-2022-0185",
    "CVE-2022-0264",
    "CVE-2022-0286",
    "CVE-2022-0322",
    "CVE-2020-15389",
    "CVE-2020-27823",
    "CVE-2020-1967",
    "CVE-2021-23840",
    "CVE-2020-10702",
    "CVE-2020-11869",
    "CVE-2020-11947",
    "CVE-2020-11647",
    "CVE-2020-13164"
  ],
  "dominant_requires_manual_review_cases": [
    "CVE-2020-25663",
    "CVE-2020-8177",
    "CVE-2020-8231",
    "CVE-2020-11984",
    "CVE-2020-11985",
    "CVE-2020-27823",
    "CVE-2020-1967",
    "CVE-2021-23840"
  ],
  "release_line_overreach_cases": [
    "CVE-2020-10251",
    "CVE-2020-25663",
    "CVE-2021-23840",
    "CVE-2020-10702",
    "CVE-2020-11869",
    "CVE-2020-11647",
    "CVE-2020-13164"
  ],
  "branch_or_backport_limit_case_ids": [],
  "dataset_or_tag_mapping_problem_cases": [],
  "structured_error_attribution": [
    {
      "cve_id": "CVE-2020-12284",
      "anchor_or_blame_status": "no_raw_candidate_commits",
      "candidate_pool_status": "empty",
      "conversion_status": "direct_reachability_matches_gt",
      "dominant_error_source": "anchor_or_blame_likely_problem",
      "manual_review_required": false
    },
    {
      "cve_id": "CVE-2020-13904",
      "anchor_or_blame_status": "no_raw_candidate_commits",
      "candidate_pool_status": "empty",
      "conversion_status": "direct_reachability_matches_gt",
      "dominant_error_source": "anchor_or_blame_likely_problem",
      "manual_review_required": false
    },
    {
      "cve_id": "CVE-2020-14212",
      "anchor_or_blame_status": "no_raw_candidate_commits",
      "candidate_pool_status": "empty",
      "conversion_status": "direct_reachability_matches_gt",
      "dominant_error_source": "anchor_or_blame_likely_problem",
      "manual_review_required": false
    },
    {
      "cve_id": "CVE-2020-10251",
      "anchor_or_blame_status": "requires_manual_anchor_review",
      "candidate_pool_status": "candidate_pool_signal_close_to_top1",
      "conversion_status": "release_line_overreach",
      "dominant_error_source": "release_line_overreach",
      "manual_review_required": true
    },
    {
      "cve_id": "CVE-2020-19667",
      "anchor_or_blame_status": "no_raw_candidate_commits",
      "candidate_pool_status": "empty",
      "conversion_status": "direct_reachability_matches_gt",
      "dominant_error_source": "anchor_or_blame_likely_problem",
      "manual_review_required": false
    },
    {
      "cve_id": "CVE-2020-25663",
      "anchor_or_blame_status": "requires_manual_anchor_review",
      "candidate_pool_status": "candidate_pool_signal_close_to_top1",
      "conversion_status": "direct_reachability_matches_gt",
      "dominant_error_source": "requires_manual_review",
      "manual_review_required": true
    },
    {
      "cve_id": "CVE-2020-8169",
      "anchor_or_blame_status": "no_raw_candidate_commits",
      "candidate_pool_status": "empty",
      "conversion_status": "direct_reachability_matches_gt",
      "dominant_error_source": "anchor_or_blame_likely_problem",
      "manual_review_required": false
    },
    {
      "cve_id": "CVE-2020-8177",
      "anchor_or_blame_status": "requires_manual_anchor_review",
      "candidate_pool_status": "candidate_pool_has_signal",
      "conversion_status": "requires_manual_review",
      "dominant_error_source": "requires_manual_review",
      "manual_review_required": true
    },
    {
      "cve_id": "CVE-2020-8231",
      "anchor_or_blame_status": "requires_manual_anchor_review",
      "candidate_pool_status": "candidate_pool_signal_close_to_top1",
      "conversion_status": "direct_reachability_matches_gt",
      "dominant_error_source": "requires_manual_review",
      "manual_review_required": true
    },
    {
      "cve_id": "CVE-2020-11984",
      "anchor_or_blame_status": "requires_manual_anchor_review",
      "candidate_pool_status": "candidate_pool_signal_close_to_top1",
      "conversion_status": "direct_reachability_matches_gt",
      "dominant_error_source": "requires_manual_review",
      "manual_review_required": true
    },
    {
      "cve_id": "CVE-2020-11985",
      "anchor_or_blame_status": "requires_manual_anchor_review",
      "candidate_pool_status": "candidate_pool_signal_close_to_top1",
      "conversion_status": "requires_manual_review",
      "dominant_error_source": "requires_manual_review",