{
  "latency_delta_s_per_tag": -58.32713333332794,
  "prompt_chars_delta_per_tag": 5530.599999999999,
  "tool_calls_delta_per_tag": -17.53333333333333
}