{
  "exact_accuracy": 0.26666666666666666,
  "nmr": 0.3333333333333333,
  "version_micro_precision": 0.713216957605985,
  "version_micro_recall": 0.28358948934060485,
  "version_micro_f1": 0.40581766583895,
  "true_positive_versions": 572,
  "false_positive_versions": 230,
  "false_negative_versions": 1445
}