{
  "gt_affected_tags": [
    "v5.10",
    "v5.7",
    "v5.8",
    "v5.5",
    "v5.6",
    "v5.9",
    "v5.12",
    "v5.16",
    "v5.15",
    "v5.3",
    "v5.1",
    "v5.14",
    "v5.4",
    "v5.13",
    "v5.11",
    "v5.2"
  ],
  "mapped_gt_tags": [
    "v5.10",
    "v5.7",
    "v5.8",
    "v5.5",
    "v5.6",
    "v5.9",
    "v5.12",
    "v5.16",
    "v5.15",
    "v5.3",
    "v5.1",
    "v5.14",
    "v5.4",
    "v5.13",
    "v5.11",
    "v5.2"
  ],
  "unmapped_gt_tags": [],
  "scanned_tags": [
    "v5.16",
    "v5.15",
    "v5.14",
    "v5.13",
    "v5.12",
    "v5.11",
    "v5.10",
    "v5.9",
    "v5.8",
    "v5.7",
    "v5.6",
    "v5.5",
    "v5.4",
    "v5.3",
    "v5.2",
    "v5.1",
    "v5.0",
    "v4.20",
    "v4.19",
    "v4.18",
    "v4.17",
    "v4.16",
    "v4.15",
    "v4.14",
    "v4.13",
    "v4.12",
    "v4.11",
    "v4.10"
  ],
  "confusion_matrix": {
    "TP": 14,
    "FP": 0,
    "FN": 2,
    "FN_execution": 0,
    "FN_unmapped": 0,
    "TN": 12,
    "UNK": 0
  },
  "metrics": {
    "precision": 1.0,
    "recall": 0.875,
    "f1": 0.9333333333333333
  },
  "metrics_scanned_only": {
    "precision": 1.0,
    "recall": 0.875,
    "f1": 0.9333333333333333
  },
  "gt_coverage": 1.0,
  "resolved_rate": 1.0,
  "run_status_counts": {
    "OK": 28
  }
}