{
  "gt_affected_tags": [
    "v5.12",
    "v5.13",
    "v5.14",
    "v5.15"
  ],
  "mapped_gt_tags": [
    "v5.12",
    "v5.13",
    "v5.14",
    "v5.15"
  ],
  "unmapped_gt_tags": [],
  "agent_tags": [
    "v6.19",
    "v6.18",
    "v6.17",
    "v6.16",
    "v6.15",
    "v6.14",
    "v6.13",
    "v6.12",
    "v6.11",
    "v6.10",
    "v6.9",
    "v6.8",
    "v6.7",
    "v6.6",
    "v6.5",
    "v6.4",
    "v6.3",
    "v6.2",
    "v6.1",
    "v6.0",
    "v5.19",
    "v5.18",
    "v5.17",
    "v5.16",
    "v5.15",
    "v5.14",
    "v5.13",
    "v5.11",
    "v5.10",
    "v5.9",
    "v5.8",
    "v5.7",
    "v5.6",
    "v5.5",
    "v5.4",
    "v5.3",
    "v5.2",
    "v5.1",
    "v5.0",
    "v4.20",
    "v4.19",
    "v4.18",
    "v4.17",
    "v4.16",
    "v4.15",
    "v4.14",
    "v4.13",
    "v4.12",
    "v4.11",
    "v4.10",
    "v4.9",
    "v4.8",
    "v4.7",
    "v4.6",
    "v4.5",
    "v4.4",
    "v4.3",
    "v4.2",
    "v4.1",
    "v4.0",
    "v3.19",
    "v3.18",
    "v3.17",
    "v3.14",
    "v3.11",
    "v3.8",
    "v3.5",
    "v3.2",
    "v2.6.11",
    "v2.6.18",
    "v2.6.25",
    "v2.6.32",
    "v2.6.39"
  ],
  "inferred_tags": [
    "v2.6.12",
    "v2.6.13",
    "v2.6.14",
    "v2.6.15",
    "v2.6.16",
    "v2.6.17",
    "v2.6.19",
    "v2.6.20",
    "v2.6.21",
    "v2.6.22",
    "v2.6.23",
    "v2.6.24",
    "v2.6.26",
    "v2.6.27",
    "v2.6.28",
    "v2.6.29",
    "v2.6.30",
    "v2.6.31",
    "v2.6.33",
    "v2.6.34",
    "v2.6.35",
    "v2.6.36",
    "v2.6.37",
    "v2.6.38"
  ],
  "fixed_segment_clear_tags": [],
  "agent_error_tags": [
    "v5.12"
  ],
  "unresolved_tags": [
    "v3.16",
    "v3.15",
    "v3.13",
    "v3.12",
    "v3.10",
    "v3.9",
    "v3.7",
    "v3.6",
    "v3.4",
    "v3.3",
    "v3.1",
    "v3.0"
  ],
  "deferred_tags": [],
  "agent_error_count": 1,
  "unresolved_count": 12,
  "deferred_count": 0,
  "official_metrics": {
    "name": "official",
    "confusion_matrix": {
      "TP": 3,
      "FP": 2,
      "FN": 0,
      "TN": 92,
      "FN_execution": 1,
      "FN_unmapped": 0,
      "FN_unresolved": 0,
      "FN_deferred": 0,
      "UNK": 13
    },
    "metrics": {
      "precision": 0.6,
      "recall": 0.75,
      "f1": 0.6666666666666665
    },
    "metrics_resolved_only": {
      "precision": 0.6,
      "recall": 1.0,
      "f1": 0.7499999999999999
    }
  },
  "ablation_metrics_without_fixed_segment_clear": {
    "name": "ablation_without_fixed_segment_clear",
    "confusion_matrix": {
      "TP": 3,
      "FP": 2,
      "FN": 0,
      "TN": 92,
      "FN_execution": 1,
      "FN_unmapped": 0,
      "FN_unresolved": 0,
      "FN_deferred": 0,
      "UNK": 13
    },
    "metrics": {
      "precision": 0.6,
      "recall": 0.75,
      "f1": 0.6666666666666665
    },
    "metrics_resolved_only": {
      "precision": 0.6,
      "recall": 1.0,
      "f1": 0.7499999999999999
    }
  },
  "confusion_matrix": {
    "TP": 3,
    "FP": 2,
    "FN": 0,
    "TN": 92,
    "FN_execution": 1,
    "FN_unmapped": 0,
    "FN_unresolved": 0,
    "FN_deferred": 0,
    "UNK": 13
  },
  "metrics": {
    "precision": 0.6,
    "recall": 0.75,
    "f1": 0.6666666666666665
  },
  "metrics_resolved_only": {
    "precision": 0.6,
    "recall": 1.0,
    "f1": 0.7499999999999999
  },
  "probed_tags": [
    "v6.19",
    "v6.18",
    "v6.17",
    "v6.16",
    "v6.15",
    "v6.14",
    "v6.13",
    "v6.12",
    "v6.11",
    "v6.10",
    "v6.9",
    "v6.8",
    "v6.7",
    "v6.6",
    "v6.5",
    "v6.4",
    "v6.3",
    "v6.2",
    "v6.1",
    "v6.0",
    "v5.19",
    "v5.18",
    "v5.17",
    "v5.16",
    "v5.15",
    "v5.14",
    "v5.13",
    "v5.11",
    "v5.10",
    "v5.9",
    "v5.8",
    "v5.7",
    "v5.6",
    "v5.5",
    "v5.4",
    "v5.3",
    "v5.2",
    "v5.1",
    "v5.0",
    "v4.20",
    "v4.19",
    "v4.18",
    "v4.17",
    "v4.16",
    "v4.15",
    "v4.14",
    "v4.13",
    "v4.12",
    "v4.11",
    "v4.10",
    "v4.9",
    "v4.8",
    "v4.7",
    "v4.6",
    "v4.5",
    "v4.4",
    "v4.3",
    "v4.2",
    "v4.1",
    "v4.0",
    "v3.19",
    "v3.18",
    "v3.17",
    "v3.14",
    "v3.11",
    "v3.8",
    "v3.5",
    "v3.2",
    "v2.6.11",
    "v2.6.18",
    "v2.6.25",
    "v2.6.32",
    "v2.6.39"
  ],
  "prefiltered_tags": [],
  "predicted_affected_tags": [
    "v5.15",
    "v5.14",
    "v5.13",
    "v4.13",
    "v3.19"
  ],
  "affected_intervals": [
    {
      "line": "5.15",
      "tags": [
        "v5.15"
      ],
      "status": "scheduler_predicted_affected",
      "source": "line_scheduler_asbs"
    },
    {
      "line": "5.14",
      "tags": [
        "v5.14"
      ],
      "status": "scheduler_predicted_affected",
      "source": "line_scheduler_asbs"
    },
    {
      "line": "5.13",
      "tags": [
        "v5.13"
      ],
      "status": "scheduler_predicted_affected",
      "source": "line_scheduler_asbs"
    },
    {
      "line": "4.13",
      "tags": [
        "v4.13"
      ],
      "status": "scheduler_predicted_affected",
      "source": "line_scheduler_asbs"
    },
    {
      "line": "3.19",
      "tags": [
        "v3.19"
      ],
      "status": "scheduler_predicted_affected",
      "source": "line_scheduler_asbs"
    }
  ],
  "probe_count": 98,
  "predicted_affected_count": 5,
  "run_status_counts": {
    "OK": 73,
    "INFERRED": 24,
    "TIMEOUT": 1
  },
  "gt_coverage": 1.0
}