{
  "exact_accuracy": 0.23333333333333334,
  "nmr": 0.3333333333333333,
  "version_micro_precision": 0.6769406392694064,
  "version_micro_recall": 0.29400099157164106,
  "version_micro_f1": 0.4099550639474594,
  "true_positive_versions": 593,
  "false_positive_versions": 283,
  "false_negative_versions": 1424
}