{
  "cases_total": 30,
  "prediction_count": 30,
  "paper_metrics": {
    "exact_accuracy": 0.23333333333333334,
    "nmr": 0.3333333333333333,
    "version_micro_precision": 0.6769406392694064,
    "version_micro_recall": 0.29400099157164106,
    "version_micro_f1": 0.4099550639474594,
    "true_positive_versions": 593,
    "false_positive_versions": 283,
    "false_negative_versions": 1424
  },
  "diagnostics": {
    "exact_match_cases": [
      "CVE-2020-11947",
      "CVE-2020-11984",
      "CVE-2020-15389",
      "CVE-2020-25663",
      "CVE-2020-8231",
      "CVE-2022-0185",
      "CVE-2022-0264"
    ],
    "miss_cases": [
      "CVE-2020-10251",
      "CVE-2020-11647",
      "CVE-2020-11985",
      "CVE-2020-11993",
      "CVE-2020-12284",
      "CVE-2020-13904",
      "CVE-2020-14212",
      "CVE-2020-15466",
      "CVE-2020-19667",
      "CVE-2020-1967",
      "CVE-2020-1971",
      "CVE-2020-27814",
      "CVE-2020-27823",
      "CVE-2020-8169",
      "CVE-2020-8177",
      "CVE-2021-23840",
      "CVE-2022-0171",
      "CVE-2022-0286",
      "CVE-2022-0322",
      "CVE-2022-0433"
    ],
    "false_positive_heavy_cases": [
      "CVE-2020-11869",
      "CVE-2020-13164"
    ],
    "branch_backport_uncertainty_cases": [
      "CVE-2020-10251",
      "CVE-2020-11647",
      "CVE-2020-11993",
      "CVE-2020-12284",
      "CVE-2020-13904",
      "CVE-2020-14212",
      "CVE-2020-15466",
      "CVE-2020-19667",
      "CVE-2020-1967",
      "CVE-2020-1971",
      "CVE-2020-27814",
      "CVE-2020-8169",
      "CVE-2020-8177",
      "CVE-2022-0171",
      "CVE-2022-0286",
      "CVE-2022-0322",
      "CVE-2022-0433"
    ],
    "judge_selected_boundary_vs_candidate_type": {
      "none": [
        "CVE-2020-10251",
        "CVE-2020-11647",
        "CVE-2020-11993",
        "CVE-2020-12284",
        "CVE-2020-13904",
        "CVE-2020-14212",
        "CVE-2020-15466",
        "CVE-2020-19667",
        "CVE-2020-1967",
        "CVE-2020-1971",
        "CVE-2020-27814",
        "CVE-2020-8169",
        "CVE-2020-8177",
        "CVE-2022-0171",
        "CVE-2022-0286",
        "CVE-2022-0322",
        "CVE-2022-0433"
      ],
      "strong": [
        "CVE-2020-10702",
        "CVE-2020-11869",
        "CVE-2020-11947",
        "CVE-2020-11984",
        "CVE-2020-11985",
        "CVE-2020-13164",
        "CVE-2020-15389",
        "CVE-2020-25663",
        "CVE-2020-27823",
        "CVE-2020-8231",
        "CVE-2021-23840",
        "CVE-2022-0185",
        "CVE-2022-0264"
      ]
    }
  },
  "lifecycle": "deterministic_converter_v1_prediction",
  "duration_s": 32.922
}