{
  "exact_accuracy": 0.14285714285714285,
  "nmr": 0.42857142857142855,
  "version_micro_precision": 0.6748366013071896,
  "version_micro_recall": 0.5055079559363526,
  "version_micro_f1": 0.5780265920223933,
  "true_positive_versions": 413,
  "false_positive_versions": 199,
  "false_negative_versions": 404
}
