{
  "gt_affected_tags": [
    "2.4.20",
    "2.4.10",
    "2.4.4",
    "2.3.14",
    "2.4.7",
    "2.4.21",
    "2.4.2",
    "2.3.7",
    "2.3.5",
    "2.4.23",
    "2.4.16",
    "2.3.9",
    "2.4.5",
    "2.4.6",
    "2.4.8",
    "2.4.1",
    "2.3.11",
    "2.3.6",
    "2.4.12",
    "2.3.15",
    "2.4.15",
    "2.3.8",
    "2.4.13",
    "2.3.12",
    "2.3.16",
    "2.4.14",
    "2.3.3",
    "2.4.0",
    "2.4.11",
    "2.4.9",
    "2.4.17",
    "2.3.13",
    "2.3.10",
    "2.4.22",
    "2.4.3",
    "2.4.18",
    "2.3.4",
    "2.4.19"
  ],
  "mapped_gt_tags": [
    "2.3.14",
    "2.4.62",
    "2.3.11",
    "2.3.15",
    "2.3.12",
    "2.3.16",
    "2.3.13"
  ],
  "unmapped_gt_tags": [
    "2.4.20",
    "2.4.10",
    "2.4.4",
    "2.4.7",
    "2.4.21",
    "2.4.2",
    "2.3.7",
    "2.3.5",
    "2.4.23",
    "2.4.16",
    "2.3.9",
    "2.4.5",
    "2.4.8",
    "2.4.1",
    "2.3.6",
    "2.4.12",
    "2.4.15",
    "2.3.8",
    "2.4.13",
    "2.4.14",
    "2.3.3",
    "2.4.0",
    "2.4.11",
    "2.4.9",
    "2.4.17",
    "2.3.10",
    "2.4.22",
    "2.4.3",
    "2.4.18",
    "2.3.4",
    "2.4.19"
  ],
  "scanned_tags": [
    "2.4.66",
    "2.4.65",
    "2.4.64",
    "2.4.63",
    "2.4.62",
    "2.2.34",
    "2.2.33",
    "2.2.32",
    "2.2.31",
    "2.2.30",
    "2.2.29",
    "2.2.28",
    "2.2.27",
    "2.0.65",
    "2.0.64",
    "2.0.63",
    "2.0.62",
    "2.0.61",
    "2.3.16",
    "2.3.15",
    "2.3.14",
    "2.3.13",
    "2.3.12",
    "2.3.11",
    "2.1.10",
    "2.1.9",
    "2.1.8",
    "2.1.7",
    "2.1.6",
    "2.1.5",
    "2.1.4",
    "1.3.14",
    "1.3.13",
    "1.3.12",
    "1.3.11",
    "1.3.10",
    "1.3.9",
    "1.2.2",
    "1.2.1",
    "1.2.0"
  ],
  "confusion_matrix": {
    "TP": 1,
    "FP": 0,
    "FN": 6,
    "FN_execution": 0,
    "FN_unmapped": 31,
    "TN": 26,
    "UNK": 7
  },
  "metrics": {
    "precision": 1.0,
    "recall": 0.02631578947368421,
    "f1": 0.05128205128205127
  },
  "metrics_scanned_only": {
    "precision": 1.0,
    "recall": 0.14285714285714285,
    "f1": 0.25
  },
  "gt_coverage": 0.18421052631578946,
  "resolved_rate": 0.825,
  "run_status_counts": {
    "OK": 33,
    "TIMEOUT": 7
  }
}