{
  "exact_accuracy": 0.03333333333333333,
  "nmr": 0.36666666666666664,
  "version_micro_precision": 0.2490527040992077,
  "version_micro_recall": 0.35845314823996033,
  "version_micro_f1": 0.2939024390243902,
  "true_positive_versions": 723,
  "false_positive_versions": 2180,
  "false_negative_versions": 1294
}
