{
  "model_invocation_count": 0,
  "gates": {
    "fix_universe_coverage": 1,
    "represented_declared_fix_count": 49,
    "declared_fix_count": 49,
    "raw_top1_exact_match_count": 15,
    "raw_top1_micro_f1": 0.7048723897911834,
    "unknown_state_count": 3,
    "micro_f1_gate_passed": false,
    "raw_top1_gate_passed": true,
    "fix_universe_gate_passed": true
  },
  "metrics": {
    "v1_2": {
      "exact_accuracy": 0.3333333333333333,
      "nmr": 0.4666666666666667,
      "version_micro_precision": 0.7462809917355372,
      "version_micro_recall": 0.4476945959345563,
      "version_micro_f1": 0.559652928416486,
      "true_positive_versions": 903,
      "false_positive_versions": 307,
      "false_negative_versions": 1114
    },
    "v1_2_1": {
      "exact_accuracy": 0.36666666666666664,
      "nmr": 0.6333333333333333,
      "version_micro_precision": 0.6192893401015228,
      "version_micro_recall": 0.6653445711452652,
      "version_micro_f1": 0.6414913957934989,
      "true_positive_versions": 1342,
      "false_positive_versions": 825,
      "false_negative_versions": 675
    },
    "v1_2_2": {
      "exact_accuracy": 0.03333333333333333,
      "nmr": 0.36666666666666664,
      "version_micro_precision": 0.2490527040992077,
      "version_micro_recall": 0.35845314823996033,
      "version_micro_f1": 0.2939024390243902,
      "true_positive_versions": 723,
      "false_positive_versions": 2180,
      "false_negative_versions": 1294
    },
    "raw_top1": {
      "case_count": 30,
      "exact_match_count": 15,
      "true_positive_count": 1519,
      "false_positive_count": 774,
      "false_negative_count": 498,
      "micro_precision": 0.6624509376362844,
      "micro_recall": 0.7530986613782846,
      "micro_f1": 0.7048723897911834,
      "ordering_mismatch_count": 6,
      "ordering_mismatches": [
        {
          "cve_id": "CVE-2020-19667",
          "array_first": "3ed852eea50f9d4cd633efb8c2b054b8e33c2530",
          "ranked_top1": "bd45f324084453a2fb279c5c9b5c5c075bce2904"
        },
        {
          "cve_id": "CVE-2020-25663",
          "array_first": "7894d4a8920a7ee8f292b9c9b4bfc7b722bfcb83",
          "ranked_top1": "8ed707a93fc4c7b3193dd562f07c4a1cc63cc19d"
        },
        {
          "cve_id": "CVE-2020-8177",
          "array_first": "4dc8499494dc16bf336c1055f2ae4b78c709c87d",
          "ranked_top1": "6b6ba1dc29857f5eb4c31fed3d63619fea99d5f4"
        },
        {
          "cve_id": "CVE-2022-0171",
          "array_first": "f922bd9bf33bd5a8c6694927f010f32127810fbf",
          "ranked_top1": "8931a454aea03bab21b3b8fcdc94f674eebd1c5d"
        },
        {
          "cve_id": "CVE-2021-23840",
          "array_first": "be06a9348d83187071270a29aabfe10cc3904f85",
          "ranked_top1": "fa75ee1aecda0da96216440aa4ea91d4a17e8244"
        },
        {
          "cve_id": "CVE-2020-11869",
          "array_first": "584acf34cb05f16e13a46d666196a7583d232616",
          "ranked_top1": "862b4a291dcf143fdb227e97feb7fd45e6466aca"
        }
      ],
      "source": "ranking_diagnostics.release_tag_universe.top1"
    }
  },
  "status_counts": {
    "converted": 2,
    "converted_with_unknowns": 21,
    "unknown_state": 3,
    "unresolved_boundary": 4
  },
  "audit_summary": {
    "case_count": 21,
    "unknown_state_case_count": 20,
    "focus_cves": [
      "CVE-2020-11647",
      "CVE-2020-11993",
      "CVE-2020-13904",
      "CVE-2020-27814"
    ],
    "predicate_unknown_reason_counts": {
      "path_unavailable": 2364
    },
    "fix_unknown_reason_counts": {},
    "flag_counts": {
      "path_missing": 17,
      "function_missing": 21,
      "line_hash_mismatch": 0,
      "blob_too_large": 0,
      "predicate_fingerprint_missing": 0,
      "fix_predicate_missing": 0,
      "branch_alias_unknown": 0
    },
    "fp_contribution": 643,
    "fn_contribution": 317,
    "model_invocation_count": 0
  },
  "advancement_decision": "blocked_before_100_cve_validation",
  "blocked_reason": "v1_2_2_micro_f1_below_v1_2_1_and_raw_top1_despite_unknown_state_reduction"
}
