{
  "latency_delta_s_per_tag": -54.838249999996336,
  "prompt_chars_delta_per_tag": 5634.25,
  "tool_calls_delta_per_tag": -20.125,
  "message_json_chars_delta_per_tag": -238311.57499999998
}