{
  "gt_affected_tags": [
    "2.4.20",
    "2.4.10",
    "2.4.4",
    "2.3.14",
    "2.4.7",
    "2.4.21",
    "2.4.2",
    "2.3.7",
    "2.3.5",
    "2.4.23",
    "2.4.16",
    "2.3.9",
    "2.4.5",
    "2.4.6",
    "2.4.8",
    "2.4.1",
    "2.3.11",
    "2.3.6",
    "2.4.12",
    "2.3.15",
    "2.4.15",
    "2.3.8",
    "2.4.13",
    "2.3.12",
    "2.3.16",
    "2.4.14",
    "2.3.3",
    "2.4.0",
    "2.4.11",
    "2.4.9",
    "2.4.17",
    "2.3.13",
    "2.3.10",
    "2.4.22",
    "2.4.3",
    "2.4.18",
    "2.3.4",
    "2.4.19"
  ],
  "mapped_gt_tags": [
    "2.4.20",
    "2.4.10",
    "2.4.4",
    "2.3.14",
    "2.4.7",
    "2.4.21",
    "2.4.2",
    "2.3.7",
    "2.3.5",
    "2.4.23",
    "2.4.16",
    "2.3.9",
    "2.4.5",
    "2.4.6",
    "2.4.8",
    "2.4.1",
    "2.3.11",
    "2.3.6",
    "2.4.12",
    "2.3.15",
    "2.4.15",
    "2.3.8",
    "2.4.13",
    "2.3.12",
    "2.3.16",
    "2.4.14",
    "2.3.3",
    "2.4.0",
    "2.4.11",
    "2.4.9",
    "2.4.17",
    "2.3.13",
    "2.3.10",
    "2.4.22",
    "2.4.3",
    "2.4.18",
    "2.3.4",
    "2.4.19"
  ],
  "unmapped_gt_tags": [],
  "scanned_tags": [
    "2.4.0",
    "2.4.1",
    "2.4.2",
    "2.4.3",
    "2.4.4",
    "2.4.5",
    "2.4.6",
    "2.4.7",
    "2.4.8",
    "2.4.9",
    "2.4.10",
    "2.4.11",
    "2.4.12",
    "2.4.13",
    "2.4.14",
    "2.4.15",
    "2.4.16",
    "2.4.17",
    "2.4.18",
    "2.4.19",
    "2.4.20",
    "2.4.21",
    "2.4.22",
    "2.4.23",
    "2.2.34",
    "2.2.33",
    "2.2.32",
    "2.2.31",
    "2.2.30",
    "2.0.65",
    "2.0.64",
    "2.0.63",
    "2.0.62",
    "2.0.61",
    "2.3.0",
    "2.3.1",
    "2.3.2",
    "2.3.3",
    "2.3.4",
    "2.3.5",
    "2.3.6",
    "2.3.7",
    "2.3.8",
    "2.3.9",
    "2.3.10",
    "2.3.11",
    "2.3.12",
    "2.3.13",
    "2.3.14",
    "2.3.15",
    "2.3.16",
    "2.1.10",
    "2.1.9",
    "2.1.8",
    "2.1.7",
    "2.1.6",
    "1.3.14",
    "1.3.13",
    "1.3.12",
    "1.3.11"
  ],
  "confusion_matrix": {
    "TP": 25,
    "FP": 0,
    "FN": 13,
    "FN_execution": 0,
    "FN_unmapped": 0,
    "TN": 22,
    "UNK": 0
  },
  "metrics": {
    "precision": 1.0,
    "recall": 0.6578947368421053,
    "f1": 0.7936507936507937
  },
  "metrics_scanned_only": {
    "precision": 1.0,
    "recall": 0.6578947368421053,
    "f1": 0.7936507936507937
  },
  "gt_coverage": 1.0,
  "resolved_rate": 1.0,
  "run_status_counts": {
    "OK": 8,
    "BISECT_INFER": 30,
    "PREFILTER": 22
  }
}