{
  "cases_total": 3,
  "candidate_lifecycle": "raw_candidate",
  "scope": "diagnostic_conversion_probe_not_formal_version_result",
  "strategy_summary": {
    "direct_release_reachability": {
      "macro_precision": 0.4910968660968661,
      "macro_recall": 1.0,
      "macro_f1": 0.6164910802078943,
      "exact_match_count": 0
    },
    "fix_reachable_exclusion": {
      "macro_precision": 0.4910968660968661,
      "macro_recall": 1.0,
      "macro_f1": 0.6164910802078943,
      "exact_match_count": 0
    },
    "same_line_trim": {
      "macro_precision": 0.8848039215686274,
      "macro_recall": 1.0,
      "macro_f1": 0.9356499356499357,
      "exact_match_count": 1
    },
    "time_after_fix_exclusion": {
      "macro_precision": 0.4910968660968661,
      "macro_recall": 1.0,
      "macro_f1": 0.6164910802078943,
      "exact_match_count": 0
    }
  },
  "baseline_direct_release_reachability_macro_f1": 0.6164910802078943,
  "fix_reachable_exclusion_macro_f1": 0.6164910802078943,
  "time_after_fix_exclusion_macro_f1": 0.6164910802078943,
  "same_line_trim_diagnostic_upper_bound_macro_f1": 0.9356499356499357,
  "same_line_trim_uses_ground_truth_line": true,
  "fix_reachable_exclusion_removed_tags": {
    "CVE-2022-0171": [],
    "CVE-2020-11869": [],
    "CVE-2020-13164": []
  },
  "remaining_false_positive_tags_after_fix_reachable_exclusion": {
    "CVE-2022-0171": [
      "v3.10",
      "v3.11",
      "v3.12",
      "v3.13",
      "v3.14",
      "v3.15",
      "v3.16",
      "v3.17",
      "v3.18",
      "v3.19",
      "v3.7",
      "v3.8",
      "v3.9",
      "v4.0",
      "v4.1",
      "v4.10",
      "v4.11",
      "v4.12",
      "v4.13",
      "v4.14",
      "v4.15",
      "v4.16",
      "v4.17",
      "v4.18",
      "v4.19",
      "v4.2",
      "v4.20",
      "v4.3",
      "v4.4",
      "v4.5",
      "v4.6",
      "v4.7",
      "v4.8",
      "v4.9",
      "v5.0",
      "v5.1",
      "v5.2",
      "v5.3",
      "v5.4",
      "v5.5",
      "v5.6",
      "v5.7",
      "v5.8",
      "v5.9"
    ],
    "CVE-2020-11869": [
      "v4.2.1"
    ],
    "CVE-2020-13164": [
      "ethereal-0.10.0",
      "ethereal-0.10.0a",
      "ethereal-0.10.1",
      "ethereal-0.10.10",
      "ethereal-0.10.11",
      "ethereal-0.10.12",
      "ethereal-0.10.13",
      "ethereal-0.10.14",
      "ethereal-0.10.2",
      "ethereal-0.10.3",
      "ethereal-0.10.4",
      "ethereal-0.10.5",
      "ethereal-0.10.6",
      "ethereal-0.10.7",
      "ethereal-0.10.8",
      "ethereal-0.10.9",
      "ethereal-0.9.1",
      "ethereal-0.9.10",
      "ethereal-0.9.11",
      "ethereal-0.9.12",
      "ethereal-0.9.13",
      "ethereal-0.9.13a",
      "ethereal-0.9.14",
      "ethereal-0.9.15",
      "ethereal-0.9.16",
      "ethereal-0.9.2",
      "ethereal-0.9.4",
      "ethereal-0.9.5",
      "ethereal-0.9.6",
      "ethereal-0.9.7",
      "ethereal-0.9.8",
      "ethereal-0.9.9",
      "ethereal-0.99.0",
      "release-0-10-0",
      "release-0-10-0a",
      "release-0-9-1",
      "release-0-9-10",
      "release-0-9-11",
      "release-0-9-12",
      "release-0-9-13",
      "release-0-9-13a",
      "release-0-9-14",
      "release-0-9-15",
      "release-0-9-16",
      "release-0-9-2",
      "release-0-9-4",
      "release-0-9-5",
      "release-0-9-6",
      "release-0-9-7",
      "release-0-9-8",
      "release-0-9-9",
      "ssv0.9.0",
      "ssv0.9.1",
      "ssv0.9.2",
      "ssv0.9.3",
      "v3.0.11",
      "v3.0.12",
      "v3.0.13",
      "v3.0.14",
      "v3.2.10",
      "v3.2.11",
      "v3.2.12",
      "v3.2.13",
      "v3.2.14",
      "v3.2.15",
      "v3.2.16",
      "v3.2.17",
      "v3.2.18",
      "v3.2.4",
      "v3.2.5",
      "v3.2.6",
      "v3.2.7",
      "v3.2.8",
      "v3.2.9",
      "v3.3.0",
      "v3.3.1",
      "v3.4.0",
      "v3.4.1",
      "v3.4.10",
      "v3.4.11",
      "v3.4.12",
      "v3.4.13",
      "v3.4.14",
      "v3.4.15",
      "v3.4.16",
      "v3.4.2",
      "v3.4.3",
      "v3.4.4",
      "v3.4.5",
      "v3.4.6",
      "v3.4.7",
      "v3.4.8",
      "v3.4.9",
      "v3.5.0",
      "v3.6.0",
      "v3.6.1",
      "v3.6.10",
      "v3.6.11",
      "v3.6.12",
      "v3.6.13",
      "v3.6.14",
      "v3.6.15",
      "v3.6.16",
      "v3.6.17",
      "v3.6.18",
      "v3.6.19",
      "v3.6.2",
      "v3.6.20",
      "v3.6.21",
      "v3.6.22",
      "v3.6.23",
      "v3.6.24",
      "v3.6.3",
      "v3.6.4",
      "v3.6.5",
      "v3.6.6",
      "v3.6.7",
      "v3.6.8",
      "v3.6.9",
      "v3.7.0",
      "v3.7.1",
      "v3.7.2",
      "v4.0.0",
      "v4.0.1",
      "v4.0.10",
      "v4.0.11",
      "v4.0.12",
      "v4.0.13",
      "v4.0.14",
      "v4.0.15",
      "v4.0.16",
      "v4.0.17",
      "v4.0.2",
      "v4.0.3",
      "v4.0.4",
      "v4.0.5",
      "v4.0.6",
      "v4.0.7",
      "v4.0.8",
      "v4.0.9",
      "v4.1.0",
      "v4.2.0",
      "v4.2.1",
      "v4.2.10",
      "v4.2.11",
      "v4.2.12",
      "v4.2.13",
      "v4.2.14",
      "v4.2.2",
      "v4.2.3",
      "v4.2.4",
      "v4.2.5",
      "v4.2.6",
      "v4.2.7",
      "v4.2.8",
      "v4.2.9",
      "v4.3.0",
      "v4.3.1",
      "v4.4.0",
      "v4.4.1",
      "v4.4.10",
      "v4.4.11",
      "v4.4.12",
      "v4.4.13",
      "v4.4.2",
      "v4.4.3",
      "v4.4.4",
      "v4.4.5",
      "v4.4.6",
      "v4.4.7",
      "v4.4.8",
      "v4.4.9",
      "v4.6.0",
      "v4.6.1",
      "v4.6.2",
      "v4.6.3",
      "wireshark-3.0.11",
      "wireshark-3.0.12",
      "wireshark-3.0.13",
      "wireshark-3.0.14",
      "wireshark-3.2.10",
      "wireshark-3.2.11",
      "wireshark-3.2.12",
      "wireshark-3.2.13",
      "wireshark-3.2.14",
      "wireshark-3.2.15",
      "wireshark-3.2.16",
      "wireshark-3.2.17",
      "wireshark-3.2.18",
      "wireshark-3.2.4",
      "wireshark-3.2.5",
      "wireshark-3.2.6",
      "wireshark-3.2.7",
      "wireshark-3.2.8",
      "wireshark-3.2.9",
      "wireshark-3.4.0",
      "wireshark-3.4.1",
      "wireshark-3.4.10",
      "wireshark-3.4.11",
      "wireshark-3.4.12",
      "wireshark-3.4.13",
      "wireshark-3.4.14",
      "wireshark-3.4.15",
      "wireshark-3.4.16",
      "wireshark-3.4.2",
      "wireshark-3.4.3",
      "wireshark-3.4.4",
      "wireshark-3.4.5",
      "wireshark-3.4.6",
      "wireshark-3.4.7",
      "wireshark-3.4.8",
      "wireshark-3.4.9",
      "wireshark-3.6.0",
      "wireshark-3.6.1",
      "wireshark-3.6.10",
      "wireshark-3.6.11",
      "wireshark-3.6.12",
      "wireshark-3.6.13",
      "wireshark-3.6.14",
      "wireshark-3.6.15",
      "wireshark-3.6.16",
      "wireshark-3.6.17",
      "wireshark-3.6.18",
      "wireshark-3.6.19",
      "wireshark-3.6.2",
      "wireshark-3.6.20",
      "wireshark-3.6.21",
      "wireshark-3.6.22",
      "wireshark-3.6.23",
      "wireshark-3.6.24",
      "wireshark-3.6.3",
      "wireshark-3.6.4",
      "wireshark-3.6.5",
      "wireshark-3.6.6",
      "wireshark-3.6.7",
      "wireshark-3.6.8",
      "wireshark-3.6.9",
      "wireshark-4.0.0",
      "wireshark-4.0.1",
      "wireshark-4.0.10",
      "wireshark-4.0.11",
      "wireshark-4.0.12",
      "wireshark-4.0.13",
      "wireshark-4.0.14",
      "wireshark-4.0.15",
      "wireshark-4.0.16",
      "wireshark-4.0.17",
      "wireshark-4.0.2",
      "wireshark-4.0.3",
      "wireshark-4.0.4",
      "wireshark-4.0.5",
      "wireshark-4.0.6",
      "wireshark-4.0.7",
      "wireshark-4.0.8",
      "wireshark-4.0.9",
      "wireshark-4.2.0",
      "wireshark-4.2.1",
      "wireshark-4.2.10",
      "wireshark-4.2.11",
      "wireshark-4.2.12",
      "wireshark-4.2.13",
      "wireshark-4.2.2",
      "wireshark-4.2.3",
