{
  "exact_accuracy": 0.3333333333333333,
  "nmr": 0.4666666666666667,
  "version_micro_precision": 0.7462809917355372,
  "version_micro_recall": 0.4476945959345563,
  "version_micro_f1": 0.559652928416486,
  "true_positive_versions": 903,
  "false_positive_versions": 307,
  "false_negative_versions": 1114
}
