{
  "v1_1": {
    "exact_accuracy": 0.26666666666666666,
    "nmr": 0.3333333333333333,
    "version_micro_precision": 0.713216957605985,
    "version_micro_recall": 0.28358948934060485,
    "version_micro_f1": 0.40581766583895,
    "true_positive_versions": 572,
    "false_positive_versions": 230,
    "false_negative_versions": 1445
  },
  "v1_2": {
    "exact_accuracy": 0.3333333333333333,
    "nmr": 0.4666666666666667,
    "version_micro_precision": 0.7462809917355372,
    "version_micro_recall": 0.4476945959345563,
    "version_micro_f1": 0.559652928416486,
    "true_positive_versions": 903,
    "false_positive_versions": 307,
    "false_negative_versions": 1114
  },
  "raw_top1_current_artifact_recomputed": {
    "exact_accuracy": 0.5,
    "nmr": 0.7333333333333333,
    "version_micro_precision": 0.610343606092809,
    "version_micro_recall": 0.8542389687654933,
    "version_micro_f1": 0.7119834710743801,
    "true_positive_versions": 1723,
    "false_positive_versions": 1100,
    "false_negative_versions": 294
  },
  "raw_top1_user_stated_gate": {
    "exact_accuracy": 0.5,
    "version_micro_f1": 0.704872
  },
  "gate": {
    "required_exact_count": 15,
    "required_micro_f1": 0.704872,
    "actual_exact_count": 10,
    "actual_micro_f1": 0.559652928416486,
    "passed": false
  }
}
