{
  "cases_total": 10,
  "anchors_total": 35,
  "candidates_total": 23,
  "cases_with_candidate_commits": 10,
  "primary_universe": "release_tag_universe",
  "release_evaluation_universe_metrics": {
    "top1": {
      "precision": 0.8180747661031572,
      "recall": 1.0,
      "f1": 0.8624076903488668
    },
    "topk": {
      "precision": 0.7930747661031573,
      "recall": 1.0,
      "f1": 0.8433600713012478
    },
    "oracle": {
      "precision": 0.9026901507185419,
      "recall": 0.9625,
      "f1": 0.912664100605277
    },
    "top1_exact_match_count": 6,
    "topk_exact_match_count": 6,
    "oracle_exact_match_count": 6
  },
  "diagnostic_all_tags_metrics": {
    "top1": {
      "precision": 0.6056949416167853,
      "recall": 1.0,
      "f1": 0.6672905610509574
    },
    "oracle": {
      "precision": 0.6161360299025497,
      "recall": 0.9562669376693766,
      "f1": 0.6828213367467523
    },
    "top1_exact_match_count": 4,
    "oracle_exact_match_count": 4
  },
  "top1_macro_precision": 0.8180747661031572,
  "top1_macro_recall": 1.0,
  "top1_macro_f1": 0.8624076903488668,
  "topk_macro_precision": 0.7930747661031573,
  "topk_macro_recall": 1.0,
  "topk_macro_f1": 0.8433600713012478,
  "oracle_macro_precision": 0.9026901507185419,
  "oracle_macro_recall": 0.9625,
  "oracle_macro_f1": 0.912664100605277,
  "oracle_upper_bound_interpretation": "current_raw_candidate_pool_upper_bound_not_system_result_or_bic",
  "oracle_improvement_over_top1_f1": 0.050256410256410255,
  "top1_false_positive_tag_cases": [
    "CVE-2020-14212",
    "CVE-2022-0171",
    "CVE-2022-0286",
    "CVE-2020-15389",
    "CVE-2020-11869",
    "CVE-2020-13164"
  ],
  "oracle_false_positive_tag_cases": [
    "CVE-2020-14212",
    "CVE-2022-0171",
    "CVE-2022-0286",
    "CVE-2020-15389",
    "CVE-2020-11869",
    "CVE-2020-13164"
  ],
  "any_candidate_false_positive_tag_cases": [
    "CVE-2020-14212",
    "CVE-2020-11984",
    "CVE-2022-0171",
    "CVE-2022-0286",
    "CVE-2020-15389",
    "CVE-2020-11869",
    "CVE-2020-13164"
  ],
  "non_release_tag_noise_cases": [
    "CVE-2020-14212",
    "CVE-2020-11984",
    "CVE-2022-0171",
    "CVE-2022-0286",
    "CVE-2020-11869",
    "CVE-2020-13164"
  ],
  "release_line_overreach_cases": [
    "CVE-2020-11869",
    "CVE-2020-13164"
  ],
  "branch_or_backport_limit_case_ids": [],
  "dataset_or_tag_mapping_problem_cases": [],
  "structured_error_attribution": [
    {
      "cve_id": "CVE-2020-14212",
      "anchor_or_blame_status": "requires_manual_anchor_review",
      "candidate_pool_status": "candidate_pool_signal_close_to_top1",
      "conversion_status": "non_release_tag_noise",
      "dominant_error_source": "non_release_tag_noise",
      "manual_review_required": true
    },
    {
      "cve_id": "CVE-2020-19667",
      "anchor_or_blame_status": "requires_manual_anchor_review",
      "candidate_pool_status": "candidate_pool_signal_close_to_top1",
      "conversion_status": "direct_reachability_matches_gt",
      "dominant_error_source": "requires_manual_review",
      "manual_review_required": true
    },
    {
      "cve_id": "CVE-2020-8231",
      "anchor_or_blame_status": "requires_manual_anchor_review",
      "candidate_pool_status": "candidate_pool_signal_close_to_top1",
      "conversion_status": "direct_reachability_matches_gt",
      "dominant_error_source": "requires_manual_review",
      "manual_review_required": true
    },
    {
      "cve_id": "CVE-2020-11984",
      "anchor_or_blame_status": "requires_manual_anchor_review",
      "candidate_pool_status": "candidate_pool_signal_close_to_top1",
      "conversion_status": "direct_reachability_matches_gt",
      "dominant_error_source": "requires_manual_review",
      "manual_review_required": true
    },
    {
      "cve_id": "CVE-2022-0171",
      "anchor_or_blame_status": "requires_manual_anchor_review",
      "candidate_pool_status": "candidate_pool_has_signal",
      "conversion_status": "non_release_tag_noise",
      "dominant_error_source": "non_release_tag_noise",
      "manual_review_required": true
    },
    {
      "cve_id": "CVE-2022-0286",
      "anchor_or_blame_status": "requires_manual_anchor_review",
      "candidate_pool_status": "candidate_pool_signal_close_to_top1",
      "conversion_status": "non_release_tag_noise",
      "dominant_error_source": "non_release_tag_noise",
      "manual_review_required": true
    },
    {
      "cve_id": "CVE-2020-15389",
      "anchor_or_blame_status": "requires_manual_anchor_review",
      "candidate_pool_status": "candidate_pool_signal_close_to_top1",
      "conversion_status": "conversion_likely_problem",
      "dominant_error_source": "conversion_likely_problem",
      "manual_review_required": true
    },
    {
      "cve_id": "CVE-2020-1967",
      "anchor_or_blame_status": "requires_manual_anchor_review",
      "candidate_pool_status": "candidate_pool_signal_close_to_top1",
      "conversion_status": "direct_reachability_matches_gt",
      "dominant_error_source": "requires_manual_review",
      "manual_review_required": true
    },
    {
      "cve_id": "CVE-2020-11869",
      "anchor_or_blame_status": "requires_manual_anchor_review",
      "candidate_pool_status": "candidate_pool_signal_close_to_top1",
      "conversion_status": "non_release_tag_noise",
      "dominant_error_source": "release_line_overreach",
      "manual_review_required": true
    },
    {
      "cve_id": "CVE-2020-13164",
      "anchor_or_blame_status": "requires_manual_anchor_review",
      "candidate_pool_status": "candidate_pool_signal_close_to_top1",
      "conversion_status": "non_release_tag_noise",
      "dominant_error_source": "release_line_overreach",
      "manual_review_required": true
    }
  ],
  "per_error_bucket_counts": {
    "candidate_pool_has_signal": 0,
    "anchor_or_blame_likely_problem": 0,
    "conversion_likely_problem": 1,
    "dataset_or_tag_mapping_problem": 0,
    "non_release_tag_noise": 3,
    "release_line_overreach": 2,
    "requires_manual_review": 4
  },
  "per_error_bucket_cases": {
    "candidate_pool_has_signal": [],
    "anchor_or_blame_likely_problem": [],
    "conversion_likely_problem": [
      "CVE-2020-15389"
    ],
    "dataset_or_tag_mapping_problem": [],
    "non_release_tag_noise": [
      "CVE-2020-14212",
      "CVE-2022-0171",
      "CVE-2022-0286"
    ],
    "release_line_overreach": [
      "CVE-2020-11869",
      "CVE-2020-13164"
    ],
    "requires_manual_review": [
      "CVE-2020-19667",
      "CVE-2020-8231",
      "CVE-2020-11984",
      "CVE-2020-1967"
    ]
  },
  "anchor_run": "runs\\batches\\root-cause-v2-szz-anchor-audit-engineering-deepseek-10-final",
  "dataset": "E:\\AI\\Agent\\workflow\\VulnVersion\\DataSet\\BaseDataSet_30.json",
  "repo_root": "E:\\AI\\Agent\\workflow\\VulnVersion\\repo",
  "duration_s": 44.656,
  "per_cve_candidate_commit_counts": {
    "CVE-2020-14212": 1,
    "CVE-2020-19667": 1,
    "CVE-2020-8231": 5,
    "CVE-2020-11984": 3,
    "CVE-2022-0171": 2,
    "CVE-2022-0286": 2,
    "CVE-2020-15389": 4,
    "CVE-2020-1967": 1,
    "CVE-2020-11869": 2,
    "CVE-2020-13164": 2
  },
  "command": "run_szz_anchor_version_probe.py --anchor-audit-run runs\\batches\\root-cause-v2-szz-anchor-audit-engineering-deepseek-10-final --dataset E:\\AI\\Agent\\workflow\\VulnVersion\\DataSet\\BaseDataSet_30.json --repo-root E:\\AI\\Agent\\workflow\\VulnVersion\\repo --out-dir runs\\batches\\root-cause-v2-szz-anchor-version-probe-v2-10 --reset"
}