{
  "exact_accuracy": 0.36666666666666664,
  "nmr": 0.6333333333333333,
  "version_micro_precision": 0.6192893401015228,
  "version_micro_recall": 0.6653445711452652,
  "version_micro_f1": 0.6414913957934989,
  "true_positive_versions": 1342,
  "false_positive_versions": 825,
  "false_negative_versions": 675
}
