{
  "exact_accuracy": 0.0,
  "nmr": 0.0,
  "version_micro_precision": 0.4094881398252185,
  "version_micro_recall": 0.9035812672176309,
  "version_micro_f1": 0.563573883161512,
  "true_positive_versions": 328,
  "false_positive_versions": 473,
  "false_negative_versions": 35
}
