{
  "latency_delta_s_per_tag": -106.63685714286183,
  "prompt_chars_delta_per_tag": 11326.952380952382,
  "tool_calls_delta_per_tag": 0.0
}