{
  "exact_accuracy": 0.0,
  "nmr": 0.3333333333333333,
  "version_micro_precision": 0.5903010033444817,
  "version_micro_recall": 0.9724517906336089,
  "version_micro_f1": 0.7346514047866806,
  "true_positive_versions": 353,
  "false_positive_versions": 245,
  "false_negative_versions": 10
}
